{
  "BTCUSDT": 103250.30,
  "OPUSDT": 0.5585000,
  "RAYSOLUSDT": 2.3600000,
  "1000BONKUSDT": 0.0158000,
  "HBARUSDT": 0.14675,
  "1000PEPEUSDT": 0.0084000,
  "BTCUSDT_250926": 104199.0,
  "SOLUSDT": 140.3300,
  "SEIUSDT": 0.2011000,
  "BTCUSDT_250627": 105862.0
}
