{
  "BONKUSDT": 0.0000217,
  "HBARUSDT": 0.0883,
  "BTCUSDT": 106350,
  "OPUSDT": 2.06,
  "SOLUSDT": 143.9,
  "SEIUSDT": 0.340,
  "RNDRUSDT": 9.13,
  "PEPEUSDT": 0.0000119
}
