{
  "BTCUSDT_250627": 105862.0,
  "HBARUSDT": 0.14675,
  "RAYSOLUSDT": 2.3600000,
  "1000BONKUSDT": 0.0158000,
  "SEIUSDT": 0.2083000,
  "BTCUSDT_250926": 104199.0,
  "1000PEPEUSDT": 0.0084000,
  "BTCUSDT": 103517.80,
  "OPUSDT": 0.5585000,
  "SOLUSDT": 140.2500
}
